{"crypto::ETH": 1759293927.6687481, "crypto::USDT": 1759293930.1423829, "crypto::USDC": 1759293939.8292298, "crypto::ADA": 1759293949.3895442, "crypto::LINK": 1759293961.7511716, "crypto::HYPE": 1759293969.2824445, "crypto::SUI": 1759293972.00343, "crypto::WEETH": 1759293979.4873703, "crypto::WETH": 1759293982.1073344, "crypto::HBAR": 1759293984.6464922, "crypto::BSC-USD": 1759293992.0185928, "crypto::USDT0": 1759293994.6095183, "crypto::WLFI": 1759294018.3501585, "crypto::DAI": 1759294021.2601845, "crypto::AAVE": 1759294026.2247677, "crypto::OKB": 1759294028.8540297, "crypto::USD1": 1759294059.812836, "crypto::MYX": 1759294062.4573784, "crypto::ASTER": 1759294067.4671721, "crypto::PYUSD": 1759294072.4940922, "crypto::POL": 1759294075.0797536, "crypto::SUSDS": 1759294082.5326653, "crypto::PI": 1759294090.1030607, "crypto::GT": 1759294100.2867336, "crypto::USDTB": 1759294110.0441918, "crypto::RSETH": 1759294115.0460763, "crypto::KHYPE": 1759294117.6463828, "crypto::XPL": 1759294132.0826719, "crypto::SKY": 1759294134.7550757}