{"crypto::ETH": 1759293927.6687481, "crypto::USDT": 1759293930.1423829, "crypto::USDC": 1759293939.8292298, "crypto::ADA": 1759293949.3895442, "crypto::LINK": 1759293961.7511716, "crypto::HYPE": 1759293969.2824445, "crypto::SUI": 1759293972.00343, "crypto::WEETH": 1759293979.4873703, "crypto::WETH": 1759293982.1073344, "crypto::HBAR": 1759293984.6464922, "crypto::BSC-USD": 1759293992.0185928, "crypto::USDT0": 1759293994.6095183, "crypto::WLFI": 1759294018.3501585, "crypto::DAI": 1759294021.2601845, "crypto::AAVE": 1759294026.2247677, "crypto::OKB": 1759294028.8540297, "crypto::USD1": 1759294059.812836, "crypto::MYX": 1759294062.4573784, "crypto::ASTER": 1759294067.4671721, "crypto::PYUSD": 1759294072.4940922, "crypto::POL": 1759294075.0797536, "crypto::SUSDS": 1759294082.5326653, "crypto::PI": 1759294090.1030607, "crypto::GT": 1759294100.2867336, "crypto::USDTB": 1759294110.0441918, "crypto::RSETH": 1759294115.0460763, "crypto::KHYPE": 1759294117.6463828, "crypto::XPL": 1759294132.0826719, "crypto::SKY": 1759294134.7550757, "crypto::STETH": 1759294522.050588, "crypto::WSTETH": 1759294531.7349944, "crypto::WBETH": 1759294536.7478344, "crypto::LTC": 1759294565.2994304, "crypto::USDS": 1759294568.0239012, "crypto::CBBTC": 1759294575.503795, "crypto::TON": 1759294580.3961215, "crypto::SUSDE": 1759294587.8587232, "crypto::UNI": 1759294602.2689734, "crypto::PEPE": 1759294609.637834, "crypto::ENA": 1759294614.6670072, "crypto::BGB": 1759294617.3523407, "crypto::APT": 1759294624.7712755, "crypto::TAO": 1759294627.5427613, "crypto::ONDO": 1759294632.5794578, "crypto::IP": 1759294635.203669, "crypto::WLD": 1759294637.8455036, "crypto::BNSOL": 1759294642.911533, "crypto::ICP": 1759294657.4326053, "crypto::ARB": 1759294662.440281, "crypto::VET": 1759294684.1203094, "crypto::RETH": 1759294687.0937312, "crypto::PENGU": 1759294699.3660927, "crypto::SEI": 1759294709.205431, "crypto::OSETH": 1759294716.6210175, "crypto::FIL": 1759294719.2306461, "crypto::BONK": 1759294721.8739119, "crypto::TRUMP": 1759294724.5109975, "crypto::XAUT": 1759294729.528324, "crypto::LBTC": 1759294732.1535857, "crypto::FET": 1759294734.7598894, "crypto::JUP": 1759294739.8568258, "crypto::EZETH": 1759294742.6481626, "crypto::NEXO": 1759294752.4882307, "crypto::OP": 1759294755.661623, "crypto::INJ": 1759294758.3605356, "crypto::SYRUPUSDC": 1759294768.1434534, "crypto::TIA": 1759294770.8715942, "crypto::JUPSOL": 1759294773.4635327, "crypto::FDUSD": 1759294776.1742084, "crypto::METH": 1759294779.0066488, "crypto::STX": 1759294781.6270895, "crypto::CRV": 1759294786.7844546, "crypto::S": 1759294789.3919482, "crypto::MSOL": 1759294792.0380416, "crypto::WBTC": 1759294795.2189312, "crypto::AERO": 1759294797.8914726, "crypto::SPX": 1759294800.8584807, "crypto::KAIA": 1759294803.713961, "crypto::FTN": 1759294806.4267507, "crypto::CAKE": 1759294809.1059752, "crypto::GRT": 1759294811.7853808, "crypto::PYTH": 1759294814.468661, "crypto::RLUSD": 1759294819.648913, "crypto::FLOKI": 1759294822.2516637, "crypto::ETHFI": 1759294829.8101609, "crypto::CFX": 1759294832.5002885, "crypto::WIF": 1759294835.184433, "crypto::USDG": 1759294840.5210886, "crypto::XTZ": 1759294843.3135052, "crypto::RAY": 1759294846.0144153, "crypto::VIRTUAL": 1759294853.430503, "crypto::USDY": 1759294856.1814482, "crypto::GALA": 1759294858.7798765, "crypto::AB": 1759294861.951303, "crypto::ENS": 1759294864.6418734, "crypto::SAND": 1759294867.2248776, "crypto::A": 1759294872.541112, "crypto::FARTCOIN": 1759294877.5147676, "crypto::JTO": 1759294880.146307, "crypto::BDX": 1759294882.838526, "crypto::DOGE": 1759294885.5199127, "crypto::JASMY": 1759294888.2186644, "crypto::0G": 1759294890.920155, "crypto::BTT": 1759294893.65018, "crypto::CMETH": 1759294896.2842388, "crypto::WAL": 1759294899.1003284, "crypto::ATH": 1759294901.6915183, "crypto::FLOW": 1759294904.5246956, "crypto::MORPHO": 1759294907.1680696, "crypto::MANA": 1759294912.2767916, "crypto::CBETH": 1759294915.035826, "crypto::BORG": 1759294917.6897767, "crypto::EIGEN": 1759294920.4585829, "crypto::BTC.B": 1759294925.6404803, "crypto::SAVAX": 1759294928.2776794, "crypto::TWT": 1759294930.9042745, "crypto::TUSD": 1759294939.0057411, "crypto::USDD": 1759294951.4324827, "crypto::W": 1759294954.264721, "crypto::HNT": 1759294956.9511, "crypto::USDAI": 1759294959.5689607, "crypto::FRXETH": 1759294964.8015902, "crypto::APE": 1759294986.9518201, "crypto::FF": 1759294989.611993, "crypto::BEAM": 1759294992.2009494, "crypto::SYRUP": 1759294994.8398085, "crypto::USDB": 1759294999.9894788, "crypto::CHZ": 1759295002.805824, "crypto::RUNE": 1759295008.012855, "crypto::COMP": 1759295010.653072, "crypto::LINEA": 1759295013.2581782, "crypto::CRO": 1759295898.0846448, "crypto::USDF": 1759296010.0057712, "crypto::BFUSD": 1759296014.7956107, "crypto::ETH::RSI<50 (alap)::1h": 1759296912.9493492, "crypto::USDT::RSI<50 (alap)::1h": 1759296917.957618, "crypto::XRP::RSI<50 (alap)::1h": 1759296922.835709, "crypto::USDC::RSI<50 (alap)::1h": 1759296937.023527, "crypto::USDC::RSI<40 & BB-Lower (4h)::4h": 1759296937.3002243, "crypto::STETH::RSI<50 (alap)::1h": 1759296942.334633, "crypto::WSTETH::RSI<50 (alap)::1h": 1759297594.1754408, "crypto::USDE::RSI<50 (alap)::1h": 1759297599.1241317, "crypto::WBETH::RSI<50 (alap)::1h": 1759297604.1530762, "crypto::LINK::RSI<50 (alap)::1h": 1759297613.6208394, "crypto::HYPE::RSI<50 (alap)::1h": 1759297627.7219217, "crypto::WEETH::RSI<50 (alap)::1h": 1759297646.2928767, "crypto::WETH::RSI<50 (alap)::1h": 1759297651.0643873, "crypto::HBAR::RSI<50 (alap)::1h": 1759297655.891557, "crypto::USDS::RSI<50 (alap)::1h": 1759297665.2889423, "crypto::BSC-USD::RSI<50 (alap)::1h": 1759297670.2463691, "crypto::CRO::RSI<50 (alap)::1h": 1759297693.741467}